{"lr": 0.009705317164134938, "data_time": 1.2797439098358154, "loss": 1.9240379810333252, "decode.loss_sem_p": 0.12999100424349308, "decode.loss_sem_i": 0.8174139082431793, "decode.loss_bd": 0.13343882672488688, "decode.loss_sem_bd": 0.8431942462921143, "decode.acc_seg": 58.4813117980957, "time": 1.5389268398284912, "memory": 10793, "step": 50}
{"lr": 0.00940359166900644, "data_time": 0.8681779623031616, "loss": 1.3212244033813476, "decode.loss_sem_p": 0.047409969940781595, "decode.loss_sem_i": 0.49886833429336547, "decode.loss_bd": 0.11161478981375694, "decode.loss_sem_bd": 0.6633313119411468, "decode.acc_seg": 88.08727264404297, "time": 1.1438165187835694, "memory": 2887, "step": 100}
{"lr": 0.00910078641473869, "data_time": 0.5407346487045288, "loss": 1.4577282071113586, "decode.loss_sem_p": 0.056862710416316985, "decode.loss_sem_i": 0.6559686154127121, "decode.loss_bd": 0.12657875679433345, "decode.loss_sem_bd": 0.618318110704422, "decode.acc_seg": 79.46214294433594, "time": 0.8203890800476075, "memory": 2889, "step": 150}
{"lr": 0.00879685730973398, "data_time": 0.42457170486450196, "loss": 1.3344595074653625, "decode.loss_sem_p": 0.062154287844896315, "decode.loss_sem_i": 0.5733351558446884, "decode.loss_bd": 0.11474205739796162, "decode.loss_sem_bd": 0.5842279955744744, "decode.acc_seg": 71.44059753417969, "time": 0.7208425521850585, "memory": 2887, "step": 200}
{"lr": 0.008491756691783587, "data_time": 0.3224007606506348, "loss": 1.391622245311737, "decode.loss_sem_p": 0.053159219399094584, "decode.loss_sem_i": 0.6210287839174271, "decode.loss_bd": 0.10077955089509487, "decode.loss_sem_bd": 0.6166546791791916, "decode.acc_seg": 90.40985107421875, "time": 0.5736621141433715, "memory": 2887, "step": 250}
{"lr": 0.00818543288398765, "data_time": 0.7566413164138794, "loss": 1.3833866715431213, "decode.loss_sem_p": 0.05060762465000153, "decode.loss_sem_i": 0.5786719679832458, "decode.loss_bd": 0.1147792637348175, "decode.loss_sem_bd": 0.6393278002738952, "decode.acc_seg": 76.54638671875, "time": 1.0139933347702026, "memory": 2887, "step": 300}
{"lr": 0.007877829674554044, "data_time": 1.0846803903579711, "loss": 1.2206413745880127, "decode.loss_sem_p": 0.0459023866802454, "decode.loss_sem_i": 0.46585164964199066, "decode.loss_bd": 0.10446813851594924, "decode.loss_sem_bd": 0.6044192090630531, "decode.acc_seg": 60.79607009887695, "time": 1.3397152185440064, "memory": 2887, "step": 350}
{"lr": 0.007568885703532152, "data_time": 0.8238115072250366, "loss": 1.411036455631256, "decode.loss_sem_p": 0.06166583299636841, "decode.loss_sem_i": 0.5681376218795776, "decode.loss_bd": 0.10540924109518528, "decode.loss_sem_bd": 0.6758237540721893, "decode.acc_seg": 92.12579345703125, "time": 1.117477297782898, "memory": 2887, "step": 400}
{"lr": 0.007258533734819243, "data_time": 0.7546553611755371, "loss": 1.2731901407241821, "decode.loss_sem_p": 0.05360566042363644, "decode.loss_sem_i": 0.570226502418518, "decode.loss_bd": 0.11466241404414176, "decode.loss_sem_bd": 0.5346955701708793, "decode.acc_seg": 72.265625, "time": 1.0448655843734742, "memory": 2888, "step": 450}
{"lr": 0.006946699785455287, "data_time": 0.6133593320846558, "loss": 1.3910690546035767, "decode.loss_sem_p": 0.05601688660681248, "decode.loss_sem_i": 0.5563597708940506, "decode.loss_bd": 0.10895912796258926, "decode.loss_sem_bd": 0.669733265042305, "decode.acc_seg": 92.68875122070312, "time": 0.8709792375564576, "memory": 2888, "step": 500}
{"lr": 0.006633302075644465, "data_time": 0.7178674697875976, "loss": 1.382729423046112, "decode.loss_sem_p": 0.045937585458159444, "decode.loss_sem_i": 0.5481223881244659, "decode.loss_bd": 0.1471889816224575, "decode.loss_sem_bd": 0.6414804756641388, "decode.acc_seg": 90.63739776611328, "time": 0.9981424570083618, "memory": 2887, "step": 550}
{"lr": 0.006318249751140111, "data_time": 0.8740026235580445, "loss": 1.309221053123474, "decode.loss_sem_p": 0.05177367478609085, "decode.loss_sem_i": 0.5320724159479141, "decode.loss_bd": 0.11864456050097942, "decode.loss_sem_bd": 0.6067303657531739, "decode.acc_seg": 89.05953979492188, "time": 1.1223278284072875, "memory": 2888, "step": 600}
{"lr": 0.006001441313145033, "data_time": 0.8535086154937744, "loss": 1.2642111599445343, "decode.loss_sem_p": 0.05268093086779117, "decode.loss_sem_i": 0.5163321644067764, "decode.loss_bd": 0.11323087438941001, "decode.loss_sem_bd": 0.581967182457447, "decode.acc_seg": 76.83515930175781, "time": 1.1246337413787841, "memory": 2887, "step": 650}
{"lr": 0.00568276266746274, "data_time": 0.3755007266998291, "loss": 1.2038799226284027, "decode.loss_sem_p": 0.05164871234446764, "decode.loss_sem_i": 0.5154913127422333, "decode.loss_bd": 0.10259225592017174, "decode.loss_sem_bd": 0.5341476663947106, "decode.acc_seg": 87.18194580078125, "time": 0.6413257360458374, "memory": 2888, "step": 700}
{"lr": 0.00536208467075182, "data_time": 0.735465121269226, "loss": 1.3470116019248963, "decode.loss_sem_p": 0.052142173424363135, "decode.loss_sem_i": 0.5747960418462753, "decode.loss_bd": 0.12304215282201766, "decode.loss_sem_bd": 0.5970312088727951, "decode.acc_seg": 64.31865692138672, "time": 1.0013841152191163, "memory": 2889, "step": 750}
{"lr": 0.005039260001684227, "data_time": 0.9155103206634522, "loss": 1.1624368667602538, "decode.loss_sem_p": 0.04917749911546707, "decode.loss_sem_i": 0.5509110689163208, "decode.loss_bd": 0.1108169373124838, "decode.loss_sem_bd": 0.4515313521027565, "decode.acc_seg": 85.09960174560547, "time": 1.1703660488128662, "memory": 2888, "step": 800}
{"lr": 0.004714119109145643, "data_time": 0.7690219879150391, "loss": 1.1652923047542572, "decode.loss_sem_p": 0.050291876494884494, "decode.loss_sem_i": 0.4708957850933075, "decode.loss_bd": 0.10516320690512657, "decode.loss_sem_bd": 0.5389414370059967, "decode.acc_seg": 86.27938842773438, "time": 1.033829665184021, "memory": 2887, "step": 850}
{"lr": 0.004386464872214937, "data_time": 0.4491046190261841, "loss": 1.1641759276390076, "decode.loss_sem_p": 0.04725437201559544, "decode.loss_sem_i": 0.46892746090888976, "decode.loss_bd": 0.1129564255475998, "decode.loss_sem_bd": 0.5350376635789871, "decode.acc_seg": 84.2569351196289, "time": 0.7540546894073487, "memory": 2887, "step": 900}
{"lr": 0.004056065419008053, "data_time": 0.7001161336898803, "loss": 1.2324963092803956, "decode.loss_sem_p": 0.05262638702988624, "decode.loss_sem_i": 0.43266451358795166, "decode.loss_bd": 0.11784355863928794, "decode.loss_sem_bd": 0.6293618768453598, "decode.acc_seg": 90.39592742919922, "time": 0.9649055242538452, "memory": 2888, "step": 950}
{"lr": 0.003722644241128776, "data_time": 0.7550543308258056, "loss": 1.1075623869895934, "decode.loss_sem_p": 0.04135573580861092, "decode.loss_sem_i": 0.4191828191280365, "decode.loss_bd": 0.11124121621251107, "decode.loss_sem_bd": 0.5357826292514801, "decode.acc_seg": 85.60066223144531, "time": 1.025032377243042, "memory": 2888, "step": 1000}
{"lr": 0.0033858662064742613, "data_time": 0.5691879272460938, "loss": 1.0249840319156647, "decode.loss_sem_p": 0.03888083677738905, "decode.loss_sem_i": 0.4696373403072357, "decode.loss_bd": 0.09455063790082932, "decode.loss_sem_bd": 0.42191520482301714, "decode.acc_seg": 93.54190826416016, "time": 0.826253080368042, "memory": 2890, "step": 1050}
{"lr": 0.003045317110439265, "data_time": 0.6330756664276123, "loss": 1.2610652804374696, "decode.loss_sem_p": 0.054299309477210046, "decode.loss_sem_i": 0.5098852634429931, "decode.loss_bd": 0.10728645473718643, "decode.loss_sem_bd": 0.5895942509174347, "decode.acc_seg": 60.57453155517578, "time": 0.8943461418151856, "memory": 2888, "step": 1100}
{"lr": 0.0027004725703128783, "data_time": 0.4580893278121948, "loss": 1.322570550441742, "decode.loss_sem_p": 0.059610966220498086, "decode.loss_sem_i": 0.5684435337781906, "decode.loss_bd": 0.11111129075288773, "decode.loss_sem_bd": 0.5834047555923462, "decode.acc_seg": 89.6261215209961, "time": 0.7787297248840332, "memory": 2887,