{"data_time": 0.02095938801765442, "time": 0.34512398719787596}